-- phpMyAdmin SQL Dump
-- version 4.5.1
-- http://www.phpmyadmin.net
--
-- Host: 127.0.0.1
-- Generation Time: Mar 17, 2017 at 02:11 AM
-- Server version: 10.1.13-MariaDB
-- PHP Version: 5.6.23

SET SQL_MODE = "NO_AUTO_VALUE_ON_ZERO";
SET time_zone = "+00:00";


/*!40101 SET @OLD_CHARACTER_SET_CLIENT=@@CHARACTER_SET_CLIENT */;
/*!40101 SET @OLD_CHARACTER_SET_RESULTS=@@CHARACTER_SET_RESULTS */;
/*!40101 SET @OLD_COLLATION_CONNECTION=@@COLLATION_CONNECTION */;
/*!40101 SET NAMES utf8mb4 */;

--
-- Database: `salt_res`
--

-- --------------------------------------------------------

--
-- Table structure for table `achievement`
--

CREATE TABLE `achievement` (
  `id` int(11) NOT NULL,
  `f_id` int(11) NOT NULL DEFAULT '0',
  `frequency` int(11) NOT NULL DEFAULT '0',
  `particular` text NOT NULL,
  `title` varchar(255) NOT NULL
) ENGINE=InnoDB DEFAULT CHARSET=utf8;

--
-- Dumping data for table `achievement`
--

INSERT INTO `achievement` (`id`, `f_id`, `frequency`, `particular`, `title`) VALUES
(1, 0, 0, '2017碎片防御战参与cp x次', ''),
(2, 1, 1, '', '碎片参与者'),
(3, 1, 4, '', '碎片狂热者'),
(4, 1, 9, '', '碎片战狂魔'),
(5, 1, 16, '', '碎片战神'),
(10, 1, 22, '', '大魔王'),
(11, 0, 0, '为了Ingress游戏连续x天早于六点起床', ''),
(12, 11, 5, '', '不眠者'),
(13, 0, 0, '单日刷x万ap', ''),
(14, 13, 30, '', 'ap小能手'),
(15, 0, 0, '单次建立x万以上MU', ''),
(16, 0, 0, '前半夜游走做多重 x次', ''),
(18, 0, 0, '为了Ingress游戏目标单次移动(来回) x公里以上', ''),
(19, 0, 0, '为了Ingress游戏单日行进 x千步', ''),
(20, 0, 0, '参与起八 x次', ''),
(21, 0, 0, '参加10人以上开饭 x次', ''),
(22, 0, 0, '参加地区性防御进攻计划 x次', ''),
(23, 0, 0, '同时对阵并击退过3人/次及以上绿军 x次', ''),
(24, 0, 0, '清理绿八farm x次', ''),
(25, 0, 0, '怼绿军起八 x次', ''),
(26, 0, 0, '去过下列战略点中 x个参加防御:南汇嘴,沈家湾,嵊泗,崇明,三甲港,金泽,枫泾', ''),
(27, 0, 0, '参与anomaly充电 x次', ''),
(28, 0, 0, '参加mission day x次', ''),
(29, 0, 0, '清理绿军菊花工/床po x次', ''),
(30, 0, 0, '后半夜游走做多重 x次', ''),
(31, 0, 0, '参与蓝竹笋行动 x次', ''),
(32, 0, 0, '拥有20+ MUFG Capsule,各100+ Lawson Power Cube/AXA Shield/SBUL, 50+ 各VRHS/VRMH/ADA/JARVIS', ''),
(34, 0, 0, '参与至少1000w量级大新闻 x次', ''),
(35, 0, 0, '定点清除绿军成就 x次', ''),
(36, 0, 0, '与外地友军协作做至少1000w量级大新闻 x次', ''),
(37, 0, 0, '参与anomaly现场 x次', ''),
(38, 0, 0, '参加Mission Day 夜刷 x次', ''),
(39, 37, 1, '', 'anomaly新兵'),
(40, 37, 3, '', 'anomaly小能手'),
(41, 37, 5, '', 'anomaly掌控者'),
(42, 35, 10, '', '激光制导导弹'),
(43, 32, 1, '', '小富翁'),
(44, 15, 1000, '', '掌控魔都'),
(45, 0, 0, '成功组织起八 x 次', ''),
(46, 0, 0, '为了ingress出国 x次', ''),
(47, 0, 0, '完成任务 “The Order of the Linkamp - Shanghai”', ''),
(48, 19, 20, '', 'Noodle Man'),
(49, 19, 40, '', 'Iron Man'),
(50, 19, 60, '', 'Titan'),
(51, 0, 0, '碎片战中面对x倍于自己人数的绿军毫不畏惧', ''),
(52, 51, 5, '', '孤胆英豪'),
(53, 51, 30, '', '以一敌百'),
(54, 0, 0, '碎片战中既当过intel也打过地面', ''),
(55, 54, 1, '', '才不是死宅'),
(56, 0, 0, '在碎片战中提供/消耗x以上的八炸', ''),
(57, 56, 2000, '', '道具绞肉机'),
(58, 51, 50, '', '已无路可退，后面就是莫斯科！'),
(59, 51, 40, '', '除非我死，绝不后退'),
(60, 1, 40, '', '修仙者'),
(61, 0, 0, '碎片战中连续作战 x cp', ''),
(62, 61, 15, '', '道生一'),
(63, 54, 3, '', '文可谋略策划，武可奔袭掩杀');

-- --------------------------------------------------------

--
-- Table structure for table `activity`
--

CREATE TABLE `activity` (
  `id` int(11) NOT NULL,
  `name` varchar(255) NOT NULL,
  `detail` text NOT NULL,
  `security` int(11) NOT NULL DEFAULT '99',
  `created_on` datetime NOT NULL,
  `updated_on` datetime NOT NULL DEFAULT CURRENT_TIMESTAMP,
  `status` tinyint(1) NOT NULL
) ENGINE=InnoDB DEFAULT CHARSET=utf8;

--
-- Dumping data for table `activity`
--

INSERT INTO `activity` (`id`, `name`, `detail`, `security`, `created_on`, `updated_on`, `status`) VALUES
(30, '2017#FateOfThe13 碎片战#47', '#FateOfThe13 碎片战统计，所有参与本次活动特工均可参加', 3, '2017-03-01 17:57:52', '2017-03-14 09:34:57', 0),
(31, '一娇妻起八-20170309 ', '20170309 起八吃饭', 3, '2017-03-09 16:00:23', '2017-03-10 09:25:35', 0),
(32, '大宁零食春分迎新-20170312', '20170312，于大宁零食公园进行的春分主题迎新活动', 4, '2017-03-09 16:01:36', '2017-03-10 13:57:55', 1),
(33, '2017#FateOfThe13 碎片战#69', '2017碎片战第三波#69之陆家嘴战区实况', 2, '2017-03-10 16:29:17', '2017-03-14 09:34:57', 0);

-- --------------------------------------------------------

--
-- Table structure for table `activity_duty`
--

CREATE TABLE `activity_duty` (
  `id` int(11) NOT NULL,
  `duty_name` varchar(255) NOT NULL
) ENGINE=InnoDB DEFAULT CHARSET=utf8;

--
-- Dumping data for table `activity_duty`
--

INSERT INTO `activity_duty` (`id`, `duty_name`) VALUES
(1, '活动创建者'),
(2, '活动组织者'),
(3, '清障组'),
(4, 'intel'),
(5, '参与者'),
(6, '碎片地面组'),
(7, '碎片隐藏埋伏组'),
(8, '道具赞助商'),
(9, '运key组'),
(10, '吃瓜群众'),
(11, '活动内NPC'),
(12, '远程充电组'),
(13, '碎片现场狼人组'),
(14, '碎片现场你画我猜组'),
(15, '破产者'),
(16, 'flag制造者'),
(17, '碎片旁观者');

-- --------------------------------------------------------

--
-- Table structure for table `activity_users`
--

CREATE TABLE `activity_users` (
  `id` int(11) NOT NULL,
  `activity_id` int(11) NOT NULL,
  `telegram_id` int(11) NOT NULL,
  `duty` int(11) NOT NULL
) ENGINE=InnoDB DEFAULT CHARSET=utf8;

--
-- Dumping data for table `activity_users`
--

INSERT INTO `activity_users` (`id`, `activity_id`, `telegram_id`, `duty`) VALUES
(1, 6, 75708608, 1),
(17, 22, 75708608, 1),
(18, 28, 75708608, 1),
(21, 24, 92966996, 1),
(22, 27, 75708608, 1),
(23, 24, 60837619, 3),
(31, 27, 96315863, 3),
(33, 22, 177502071, 3),
(35, 22, 96918170, 5),
(36, 29, 96315863, 1),
(37, 29, 75708608, 2),
(38, 28, 177502071, 5),
(39, 28, 96315863, 5),
(40, 28, 96918170, 5),
(41, 28, 54761299, 5),
(42, 27, 54761299, 5),
(43, 29, 177502071, 5),
(44, 29, 96315863, 5),
(46, 29, 60837619, 5),
(47, 30, 75708608, 1),
(48, 30, 60837619, 3),
(49, 30, 96918170, 6),
(50, 30, 96315863, 2),
(51, 30, 177502071, 6),
(52, 30, 92966996, 9),
(53, 31, 75708608, 1),
(54, 32, 75708608, 1),
(55, 31, 177502071, 5),
(56, 31, 237578688, 5),
(57, 31, 180143942, 5),
(58, 31, 70554595, 5),
(59, 32, 180143942, 5),
(60, 32, 63713862, 2),
(61, 32, 60837619, 10),
(62, 32, 96918170, 5),
(63, 32, 54761299, 10),
(64, 32, 177502071, 11),
(65, 32, 250378904, 5),
(66, 32, 330268031, 5),
(67, 32, 184163985, 5),
(68, 32, 105398251, 5),
(69, 32, 259850308, 5),
(70, 32, 215361338, 5),
(71, 32, 243024020, 5),
(72, 32, 275398908, 5),
(73, 32, 265010444, 5),
(74, 32, 321521948, 5),
(75, 32, 215359714, 5),
(76, 32, 108426203, 5),
(77, 32, 96315863, 5),
(78, 32, 92969002, 5),
(79, 33, 75708608, 1),
(80, 33, 92969002, 2),
(81, 33, 96918170, 2),
(82, 33, 330268031, 10),
(84, 33, 250378904, 5),
(85, 33, 275398908, 5),
(89, 33, 248943415, 6),
(90, 33, 105398251, 5),
(91, 33, 177502071, 5),
(92, 33, 165891002, 5),
(93, 33, 138220930, 5),
(94, 33, 230602921, 13),
(95, 33, 205478046, 5),
(96, 33, 146129276, 5),
(97, 33, 185917896, 5),
(98, 33, 154967175, 5),
(99, 33, 205270195, 5),
(100, 33, 179234701, 5),
(101, 33, 92542556, 5),
(102, 33, 195452238, 5),
(103, 33, 215549472, 5),
(104, 33, 114429160, 5),
(105, 33, 130373398, 5),
(106, 30, 248943415, 14);

-- --------------------------------------------------------

--
-- Table structure for table `authority_name`
--

CREATE TABLE `authority_name` (
  `id` int(11) NOT NULL,
  `name` varchar(255) NOT NULL
) ENGINE=InnoDB DEFAULT CHARSET=utf8;

--
-- Dumping data for table `authority_name`
--

INSERT INTO `authority_name` (`id`, `name`) VALUES
(1, 'admin'),
(2, 'approver'),
(3, 'trusted'),
(4, 'rookie'),
(5, 'untrusted'),
(6, 'waiting');

-- --------------------------------------------------------

--
-- Table structure for table `profile`
--

CREATE TABLE `profile` (
  `id` int(11) NOT NULL,
  `telegram_id` int(11) NOT NULL,
  `achievement_id` int(11) NOT NULL,
  `achievement_frequency` int(11) NOT NULL
) ENGINE=InnoDB DEFAULT CHARSET=utf8;

--
-- Dumping data for table `profile`
--

INSERT INTO `profile` (`id`, `telegram_id`, `achievement_id`, `achievement_frequency`) VALUES
(1, 75708608, 1, 13),
(2, 75708608, 32, 1),
(3, 75708608, 35, 5),
(4, 75708608, 27, 0),
(5, 177502071, 1, 10),
(7, 237578688, 37, 2),
(8, 63713862, 13, 32),
(9, 63713862, 15, 1900),
(10, 63713862, 16, 15),
(11, 63713862, 18, 80),
(12, 63713862, 19, 36),
(13, 63713862, 20, 120),
(14, 63713862, 21, 40),
(15, 63713862, 22, 15),
(16, 63713862, 26, 3),
(17, 63713862, 24, 4),
(18, 63713862, 27, 3),
(19, 63713862, 28, 3),
(20, 63713862, 31, 2),
(22, 63713862, 35, 10),
(23, 63713862, 34, 4),
(24, 63713862, 37, 3),
(25, 63713862, 36, 5),
(26, 63713862, 38, 1),
(27, 63713862, 45, 105),
(28, 63713862, 46, 2),
(29, 215359714, 1, 13),
(30, 215359714, 13, 200),
(31, 70554595, 1, 5),
(32, 265010444, 15, 3),
(33, 243024020, 15, 1045),
(34, 243024020, 19, 3),
(35, 54761299, 47, 1),
(36, 275398908, 1, 20),
(37, 250378904, 11, 43),
(38, 250378904, 15, 70),
(39, 250378904, 47, 200),
(40, 250378904, 19, 47),
(41, 250378904, 20, 10),
(42, 250378904, 21, 2),
(43, 250378904, 22, 1),
(44, 250378904, 27, 1),
(45, 250378904, 28, 2),
(46, 250378904, 29, 40),
(47, 96315863, 1, 4),
(48, 96315863, 20, 30),
(49, 63713862, 47, 1),
(50, 265010444, 20, 10),
(51, 237578688, 21, 55),
(52, 237578688, 20, 66),
(53, 237578688, 32, 999),
(54, 215359714, 28, 4),
(55, 70554595, 29, 8),
(57, 138220930, 1, 3),
(59, 230602921, 1, 18),
(60, 154967175, 20, 2),
(61, 154967175, 13, 80),
(62, 154967175, 15, 3300),
(63, 154967175, 34, 2),
(64, 53288192, 1, 12),
(65, 205270195, 20, 9),
(66, 154967175, 32, 2),
(67, 53288192, 20, 1),
(68, 179234701, 1, 11),
(69, 75708608, 15, 7600),
(70, 130373398, 1, 4),
(71, 105954093, 15, 12),
(72, 105954093, 13, 2),
(73, 205270195, 13, 60),
(74, 205270195, 15, 1040),
(75, 205270195, 26, 1),
(76, 105954093, 13, 230),
(77, 205270195, 27, 3),
(78, 205270195, 38, 3),
(79, 205270195, 36, 3),
(80, 205270195, 34, 3),
(81, 205270195, 28, 3),
(82, 130373398, 27, 3),
(83, 75708608, 28, 3),
(84, 75708608, 19, 58),
(85, 75708608, 13, 170),
(87, 230602921, 38, 1),
(88, 105954093, 1, 2),
(89, 105954093, 19, 39),
(90, 105954093, 28, 4),
(91, 53288192, 32, 3),
(92, 120508560, 1, 17),
(94, 53288192, 34, 2),
(95, 53288192, 28, 6),
(96, 120508560, 32, 1),
(97, 53288192, 26, 4),
(98, 221348149, 1, 12),
(99, 120508560, 27, 4),
(100, 120508560, 26, 1),
(101, 114429160, 1, 1),
(102, 248943415, 1, 8),
(103, 205478046, 51, 30),
(104, 230602921, 54, 1),
(105, 53288192, 38, 2),
(106, 70554595, 54, 1),
(107, 53288192, 54, 1),
(108, 70554595, 56, 1000),
(109, 275398908, 29, 6),
(110, 70554595, 21, 1),
(111, 53288192, 56, 5000),
(112, 70554595, 18, 5),
(113, 146129276, 51, 3),
(114, 146129276, 1, 2),
(115, 101693481, 37, 1),
(116, 146129276, 54, 1),
(117, 146129276, 25, 1),
(118, 146129276, 26, 3),
(119, 146129276, 21, 1),
(120, 120508560, 38, 1),
(121, 34174905, 46, 2),
(122, 34174905, 1, 3),
(123, 34174905, 31, 3),
(124, 34174905, 34, 3),
(125, 34174905, 54, 1),
(126, 165891002, 1, 3),
(127, 96918170, 61, 3),
(128, 165891002, 38, 2),
(129, 96918170, 28, 2),
(130, 205270195, 1, 9),
(131, 205270195, 51, 3),
(132, 96918170, 1, 15),
(133, 205270195, 54, 1),
(134, 96918170, 13, 110),
(135, 205270195, 56, 700),
(136, 205270195, 61, 3),
(137, 96918170, 15, 99),
(138, 96918170, 16, 3),
(139, 96918170, 11, 1),
(140, 96918170, 18, 120),
(141, 96918170, 19, 42),
(142, 96918170, 20, 92),
(143, 96918170, 27, 3),
(144, 96918170, 31, 1),
(145, 96918170, 34, 1),
(146, 96918170, 54, 1),
(147, 250378904, 1, 2),
(148, 250378904, 18, 200),
(149, 250378904, 56, 500),
(150, 250378904, 51, 2),
(151, 250378904, 31, 1),
(152, 270023340, 20, 2),
(153, 230602921, 61, 10),
(154, 230602921, 51, 3),
(155, 248943415, 18, 20),
(156, 78318112, 1, 1),
(157, 270023340, 1, 1),
(158, 221348149, 15, 1012),
(159, 221348149, 27, 2),
(160, 221348149, 34, 1),
(161, 221348149, 32, 2),
(162, 221348149, 56, 1200),
(163, 221348149, 61, 6),
(164, 270023340, 19, 20),
(165, 230602921, 16, 2);

-- --------------------------------------------------------

--
-- Table structure for table `security`
--

CREATE TABLE `security` (
  `id` int(11) NOT NULL,
  `security_name` varchar(255) NOT NULL
) ENGINE=InnoDB DEFAULT CHARSET=utf8;

--
-- Dumping data for table `security`
--

INSERT INTO `security` (`id`, `security_name`) VALUES
(1, '十分机密'),
(2, '一般保密'),
(3, '普通'),
(4, '开放'),
(5, '绝对机密');

-- --------------------------------------------------------

--
-- Table structure for table `users`
--

CREATE TABLE `users` (
  `id` int(8) NOT NULL,
  `agent_id` varchar(255) NOT NULL,
  `telegram_id` int(8) NOT NULL,
  `telegram_username` varchar(255) NOT NULL,
  `created_on` datetime NOT NULL,
  `updated_on` datetime NOT NULL DEFAULT CURRENT_TIMESTAMP,
  `authority` int(11) NOT NULL DEFAULT '6'
) ENGINE=InnoDB DEFAULT CHARSET=utf8;

--
-- Dumping data for table `users`
--

INSERT INTO `users` (`id`, `agent_id`, `telegram_id`, `telegram_username`, `created_on`, `updated_on`, `authority`) VALUES
(1, 'tolves', 75708608, 'tolves', '2017-02-08 00:00:00', '2017-03-15 09:15:56', 1),
(3, 'Jiamin', 92966996, 'Jiamin22', '2017-02-24 13:01:59', '2017-02-24 13:01:59', 1),
(4, 'Diberium', 60837619, 'Diberium', '2017-02-27 10:52:08', '2017-02-27 10:57:49', 1),
(5, 'Gefenbauer', 54761299, 'dunkelsvL', '2017-02-27 10:57:54', '2017-03-10 13:57:55', 1),
(6, 'kotorinooyatsun', 96918170, 'kotorinooyatsun', '2017-02-27 10:58:04', '2017-03-15 09:15:56', 1),
(7, 'ngiamzsjit', 96315863, 'ngiamzsjit', '2017-02-27 10:59:20', '2017-02-28 17:46:52', 1),
(8, 'Marvin27', 177502071, 'Marvin27', '2017-02-27 11:01:29', '2017-03-10 13:53:53', 1),
(9, 'BH4DNR', 237578688, 'BH4DNR', '2017-03-09 16:11:16', '2017-03-09 16:11:16', 3),
(10, 'Dumblue', 180143942, 'Dumblue', '2017-03-09 16:24:22', '2017-03-09 16:24:22', 3),
(11, 'Lenei', 70554595, 'Shikinami', '2017-03-09 16:25:38', '2017-03-09 16:25:38', 3),
(12, 'LucbethD', 63713862, 'LucbethD', '2017-03-10 10:08:50', '2017-03-10 10:08:50', 1),
(13, 'xiaoyouxi', 65539690, 'xiaoyouxi', '2017-03-10 10:18:41', '2017-03-13 13:21:28', 2),
(14, 'ZozoRan', 108426203, 'ZozoRan', '2017-03-10 11:43:52', '2017-03-10 11:43:52', 2),
(15, 'kanaxi', 215359714, 'kanaxi', '2017-03-10 13:32:33', '2017-03-13 13:21:28', 2),
(16, 'grythie', 92969002, 'grythie', '2017-03-10 13:38:34', '2017-03-10 13:38:34', 2),
(17, 'chenxin', 321521948, 'chshrx', '2017-03-10 13:39:36', '2017-03-10 13:39:36', 4),
(18, 'kchchb', 265010444, 'kchchb', '2017-03-10 13:41:04', '2017-03-10 13:41:04', 3),
(19, 'genthz', 275398908, 'genthz', '2017-03-10 13:41:38', '2017-03-10 13:41:38', 3),
(20, 'LoathebzZ', 243024020, 'LoathebzZ', '2017-03-10 13:42:11', '2017-03-10 13:42:11', 2),
(21, 'LuciaDracon', 215361338, 'LuciaDracon', '2017-03-10 13:43:02', '2017-03-10 13:43:02', 3),
(22, 'hvn0413', 270023340, 'hvn0413', '2017-03-10 13:54:21', '2017-03-10 13:54:21', 4),
(23, 'lconey', 259850308, 'lconey18', '2017-03-10 13:55:11', '2017-03-10 13:55:11', 3),
(24, 'blueswhisper', 353616255, 'blueswhisper', '2017-03-10 13:56:31', '2017-03-10 13:56:31', 4),
(25, 'sophgn', 105398251, 'sophgn', '2017-03-10 13:59:27', '2017-03-10 13:59:27', 3),
(26, 'Silencious', 184163985, 'Silencious', '2017-03-10 14:06:48', '2017-03-10 14:06:48', 3),
(27, 'CHNKHW', 330268031, 'CSHKHW', '2017-03-10 14:07:04', '2017-03-10 14:07:04', 3),
(28, 'KacDnsx', 250378904, 'KacDnsx', '2017-03-10 14:11:58', '2017-03-15 09:15:56', 2),
(29, 'Aosilujia', 194633358, 'Aosilujia', '2017-03-10 14:55:20', '2017-03-10 14:55:20', 4),
(30, 'Rueddy', 248943415, 'Rueddy', '2017-03-10 15:50:57', '2017-03-10 15:50:57', 3),
(31, 'wampus', 44997136, 'wampus', '2017-03-10 19:03:53', '2017-03-10 19:03:53', 4),
(32, 'heartofoak', 146129276, 'heartofoak', '2017-03-13 13:12:57', '2017-03-13 13:12:57', 3),
(33, 'DeepAQ', 165891002, 'DeepAQ', '2017-03-13 13:13:35', '2017-03-13 13:13:35', 3),
(34, 'HengJiHengJi', 154967175, 'cccccc1997', '2017-03-13 13:13:50', '2017-03-13 13:13:50', 4),
(35, 'CaptainMall', 140250490, 'CaptainMall', '2017-03-13 13:14:05', '2017-03-13 13:14:05', 2),
(36, 'verandoasis555', 138220930, 'verandoasis555', '2017-03-13 13:15:05', '2017-03-13 13:15:05', 3),
(37, 'Seoray', 205478046, 'Seoray', '2017-03-13 13:15:15', '2017-03-13 13:15:15', 3),
(38, 'NGC1982', 230602921, 'NGC1982', '2017-03-13 13:15:45', '2017-03-13 13:15:45', 3),
(39, 'IIIIIlllIlIIl', 34174905, 'SaulShen', '2017-03-13 13:21:11', '2017-03-13 13:21:11', 3),
(40, 'L80', 70488212, 'lijun0511', '2017-03-13 13:22:21', '2017-03-13 13:22:21', 3),
(41, 'CheshireLam', 185917896, 'CheshireLam', '2017-03-13 13:22:43', '2017-03-13 13:22:43', 3),
(42, 'NakisaRen', 195452238, 'nakisaRen', '2017-03-13 13:31:27', '2017-03-13 13:31:27', 3),
(43, 'InfiniteFox', 92542556, 'InfiniteFox', '2017-03-13 13:32:18', '2017-03-13 13:32:18', 3),
(44, 'SheldonTan', 209508320, 'DurchNachtUndFlut', '2017-03-13 13:33:47', '2017-03-13 13:33:47', 2),
(45, 'AkariiinMKII', 205270195, 'AkariiinL', '2017-03-13 13:34:52', '2017-03-13 13:34:52', 3),
(46, 'OrionisSaiph', 179234701, 'Saiph53', '2017-03-13 13:36:47', '2017-03-13 13:36:47', 3),
(47, '284045581', 53288192, 'doge284045581', '2017-03-13 13:37:26', '2017-03-13 13:37:26', 3),
(48, 'Zzm317', 161565830, 'Zzm317', '2017-03-13 13:38:20', '2017-03-13 13:38:20', 3),
(49, 'wilsey1016', 60679225, 'wilsey1016', '2017-03-13 13:43:44', '2017-03-13 13:43:44', 3),
(50, 'Psyoung', 215549472, 'Psyoung', '2017-03-13 14:11:45', '2017-03-13 14:11:45', 3),
(51, 'AcousticKnight', 105954093, 'AcousticKnight', '2017-03-13 14:43:21', '2017-03-13 14:43:21', 3),
(52, 'Nirisecho', 130373398, 'Irisecho', '2017-03-13 14:59:36', '2017-03-13 14:59:36', 2),
(53, 'TamiILeo', 221348149, 'TamiILeo', '2017-03-13 15:27:45', '2017-03-13 15:27:45', 3),
(54, '201609illusion', 297046248, 'st201609illusion', '2017-03-13 16:14:32', '2017-03-13 16:14:32', 3),
(55, 'Siriuswu', 120508560, 'Siriuswu', '2017-03-13 16:17:20', '2017-03-14 10:02:56', 2),
(56, 'xczhang', 114429160, 'xczhang', '2017-03-13 16:40:11', '2017-03-13 16:40:11', 4),
(57, 'wulafei', 101693481, 'wulafei', '2017-03-14 10:03:30', '2017-03-14 10:03:30', 2),
(58, 'KingCapri', 254030480, 'KingCapri', '2017-03-15 10:32:01', '2017-03-15 10:32:01', 4),
(59, 'Charlotte20001', 173508554, 'Charlotte20001', '2017-03-15 10:33:02', '2017-03-15 10:33:02', 4),
(60, 'ShanyanLu', 332834442, 'ShanyanLu', '2017-03-15 10:35:47', '2017-03-15 10:35:47', 6),
(61, 'zbbug', 309277921, 'zbbug', '2017-03-15 10:42:11', '2017-03-15 10:42:11', 6),
(62, 'Muzzyhahaha', 78318112, 'Muzzyhahaha', '2017-03-15 10:47:25', '2017-03-15 10:47:25', 4),
(63, 'MozzieD', 245046612, 'MozzieD', '2017-03-15 10:59:16', '2017-03-15 10:59:16', 4),
(64, 'NonOmnisMoriarZ', 176943880, 'NonOmnisMoriarZ', '2017-03-15 11:15:21', '2017-03-15 11:15:21', 6);

--
-- Indexes for dumped tables
--

--
-- Indexes for table `achievement`
--
ALTER TABLE `achievement`
  ADD PRIMARY KEY (`id`);

--
-- Indexes for table `activity`
--
ALTER TABLE `activity`
  ADD PRIMARY KEY (`id`);

--
-- Indexes for table `activity_duty`
--
ALTER TABLE `activity_duty`
  ADD PRIMARY KEY (`id`);

--
-- Indexes for table `activity_users`
--
ALTER TABLE `activity_users`
  ADD PRIMARY KEY (`id`);

--
-- Indexes for table `authority_name`
--
ALTER TABLE `authority_name`
  ADD PRIMARY KEY (`id`);

--
-- Indexes for table `profile`
--
ALTER TABLE `profile`
  ADD PRIMARY KEY (`id`);

--
-- Indexes for table `security`
--
ALTER TABLE `security`
  ADD PRIMARY KEY (`id`);

--
-- Indexes for table `users`
--
ALTER TABLE `users`
  ADD PRIMARY KEY (`id`),
  ADD UNIQUE KEY `agent_id` (`agent_id`),
  ADD UNIQUE KEY `telegram_id` (`telegram_id`),
  ADD KEY `authority` (`authority`);

--
-- AUTO_INCREMENT for dumped tables
--

--
-- AUTO_INCREMENT for table `achievement`
--
ALTER TABLE `achievement`
  MODIFY `id` int(11) NOT NULL AUTO_INCREMENT, AUTO_INCREMENT=64;
--
-- AUTO_INCREMENT for table `activity`
--
ALTER TABLE `activity`
  MODIFY `id` int(11) NOT NULL AUTO_INCREMENT, AUTO_INCREMENT=34;
--
-- AUTO_INCREMENT for table `activity_duty`
--
ALTER TABLE `activity_duty`
  MODIFY `id` int(11) NOT NULL AUTO_INCREMENT, AUTO_INCREMENT=18;
--
-- AUTO_INCREMENT for table `activity_users`
--
ALTER TABLE `activity_users`
  MODIFY `id` int(11) NOT NULL AUTO_INCREMENT, AUTO_INCREMENT=107;
--
-- AUTO_INCREMENT for table `authority_name`
--
ALTER TABLE `authority_name`
  MODIFY `id` int(11) NOT NULL AUTO_INCREMENT, AUTO_INCREMENT=7;
--
-- AUTO_INCREMENT for table `profile`
--
ALTER TABLE `profile`
  MODIFY `id` int(11) NOT NULL AUTO_INCREMENT, AUTO_INCREMENT=166;
--
-- AUTO_INCREMENT for table `security`
--
ALTER TABLE `security`
  MODIFY `id` int(11) NOT NULL AUTO_INCREMENT, AUTO_INCREMENT=6;
--
-- AUTO_INCREMENT for table `users`
--
ALTER TABLE `users`
  MODIFY `id` int(8) NOT NULL AUTO_INCREMENT, AUTO_INCREMENT=65;
--
-- Constraints for dumped tables
--

--
-- Constraints for table `users`
--
ALTER TABLE `users`
  ADD CONSTRAINT `users_ibfk_1` FOREIGN KEY (`authority`) REFERENCES `authority_name` (`id`);

/*!40101 SET CHARACTER_SET_CLIENT=@OLD_CHARACTER_SET_CLIENT */;
/*!40101 SET CHARACTER_SET_RESULTS=@OLD_CHARACTER_SET_RESULTS */;
/*!40101 SET COLLATION_CONNECTION=@OLD_COLLATION_CONNECTION */;
